from,to,detail
Glenn Vian,Garry Vian,Glenn and Garry Vian are brothers.
Glenn Vian,Jonathan Rees,Jonathan Rees is a former brother-in-law to Glenn and Garry Vian.
Garry Vian,Jonathan Rees,Jonathan Rees is a former brother-in-law to Glenn and Garry Vian.
Daniel Morgan,Alastair Morgan,Alastair Morgan is the brother of Daniel Morgan.
Daniel Morgan,Jonathan Rees,"Daniel Morgan and Jonathan Rees were business partners in their investigation agency, Southern Investigations."
Daniel Morgan,Southern Investigations,"Daniel Morgan and Jonathan Rees were business partners in their investigation agency, Southern Investigations."
Jonathan Rees,Southern Investigations,"Daniel Morgan and Jonathan Rees were business partners in their investigation agency, Southern Investigations."
Sid Fillery,Daniel Morgan,"Sid Fillery was one of the detectives assigned to the first investigation into Daniel Morgan's murder. Fillery later took Morgan's place in the private investigations agency, Southern Investigations."
Sid Fillery,Jonathan Rees,"Sid Fillery and Jonathan Rees were close friends, drinking partners, and business partners."
Sid Fillery,Southern Investigations,"After Daniel Morgan was murdered, Sid Fillery took his place in the private investigations agency, Southern Investigations."
Dave Cook,Daniel Morgan,Dave Cook was the detective who ran the 4th and 5th investigations into Daniel Morgan's murder.
Daniel Morgan,Margaret Harrison,Daniel Morgan was having an affair with Margaret Harrison around the time of his death.
Jonathan Rees,Margaret Harrison,Jonathan Rees was having an affair with Margaret Harrison around the time of Daniel Morgan's murder. Rees later divorced his wife and married Harrison.
News of the World,Alex Marunchak,Alex Marunchak was the crime editor of the News of the World.
News of the World,Southern Investigations,News of the World was one of the biggest clients of Southern Investigations.
Crimewatch,Jill Dando,Jill Dando was a presenter on TV show Crimewatch in the 1990s.
Crimewatch,Jacqui Hames,Jacqui Hames was a presenter on TV show Crimewatch in the 1990s and 2000s.
Crimewatch,Dave Cook,Dave Cook appeared on Crimewatch to make an appeal for information.
Jacqui Hames,Dave Cook,Dave Cook and Jacqui Hames were married.
Rupert Murdoch,Rebekah Brooks,"Rebekah Brooks is a protégé of Rupert Murdoch. She has worked for various Murdoch-owned newspapers, and is now CEO of Murdoch's subsidiary, News UK."
News of the World,Rebekah Brooks,Rebekah Brooks was the editor of the News of the World from 2000 - 2003.